dataset_id,title,resource_uuid,file,data_rows,status
01,District-wise Percentage of completed works in Punjab under MPLAD scheme from 1968 to 2022 (As on Dec.),576d9ba2-3712-40dd-9cf8-90405c7c26ed,,0,UNAVAILABLE
02,District-wise percentage of utilisation of funds in Punjab under MPLAD scheme from 1968 to 2022 (As on Dec.),77f226e7-c43a-48d1-bf7c-bc1107c0eb0f,,0,UNAVAILABLE
03,District-wise total actual expenditure in Punjab under MPLAD scheme from 1968 to 2022 (As on Dec.),723a51b8-82f3-45f4-93fa-2a837fe61797,,0,UNAVAILABLE
04,District-wise total funds available in Punjab under MPLAD scheme from 1968 to 2022 (As on Dec.),c8f468fe-7641-480a-a657-ab3f3dd94e32,,0,UNAVAILABLE
05,District-wise total pending works in Punjab under MPLAD scheme from 1968 to 2022 (As on Dec.),719edce7-ac9a-44ab-8778-9006133f1429,,0,UNAVAILABLE
06,District-wise total sanctioned funds available in Punjab under MPLAD scheme from 1968 to 2022 (As on Dec.),850ff3bc-66f9-4422-878c-3e16806e3aaf,,0,UNAVAILABLE
07,District-wise total works completed in Punjab under MPLAD scheme from 1968 to 2022 (As on Dec.),5c78ee02-dab4-476e-a8ae-673a055e366d,,0,UNAVAILABLE
08,District-wise total works sanctioned in Punjab under MPLAD scheme from 1968 to 2022 (As on Dec.),3484fd64-59a0-480a-8a2c-02fe98e175f1,,0,UNAVAILABLE
09,Nodal district -wise 16th lok  sabha MPs actual expenditure in Punjab under MPLAD scheme from 1968 to 2021 (As on Dec.),7caf2cef-33fd-4d59-be6c-a29026dada94,,0,UNAVAILABLE
10,Nodal district -wise 16th lok  sabha MPs sanctioned funds in Punjab under MPLAD scheme from 1968 to 2021 (As on Dec.),dcd446cb-3491-4c8b-a7a7-4b3dbc2b4933,,0,UNAVAILABLE
11,Nodal district -wise 16th lok  sabha MPs unspent balance in Punjab under MPLAD scheme from 1968 to 2021 (As on Dec.),48c09bc5-de3d-42cf-b525-575f2da869e5,,0,UNAVAILABLE
12,Nodal district -wise 16th lok sabha MPs total funds available in Punjab under MPLAD scheme from 1968 to 2021 (As on Dec.),fd8fcbe1-4bce-424b-b944-06a7f2d80190,,0,UNAVAILABLE
13,Nodal district -wise 16th lok sabha MPs works sanctioned in Punjab under MPLAD scheme from 1968 to 2021 (As on Dec.),ecc13590-9744-4441-bac1-b8c8dcf6a9e7,,0,UNAVAILABLE
14,Nodal district -wise 16th lok sabha MPs works under progress in Punjab under MPLAD scheme from 1968 to 2021 (As on Dec.),0ac9b483-cd13-4f88-a051-94a41755d28e,,0,UNAVAILABLE
15,Nodal district -wise lok sabha MPs actual expenditure in Punjab under MPLAD scheme from 1968 to 2019 (As on Dec.),5062c3f3-3920-4796-a776-b4d784fdc6e7,,0,UNAVAILABLE
16,Nodal district -wise lok sabha MPs sanctioned funds in Punjab under MPLAD scheme from 1968 to 2019 (As on Dec.),122b08ab-5498-42cf-acb9-4ea2b33dec39,,0,UNAVAILABLE
17,Nodal district -wise lok sabha MPs total funds available in Punjab under MPLAD scheme from 1968 to 2019 (As on Dec.),46d10537-b419-481a-93c4-f830b0321870,,0,UNAVAILABLE
18,Nodal district -wise lok sabha MPs unspent balance in Punjab under MPLAD scheme from 1968 to 2019 (As on Dec.),4819ef8b-e3eb-442f-a92b-4b4dd8efd11d,,0,UNAVAILABLE
19,Nodal district -wise lok sabha MPs works completed in Punjab under MPLAD scheme from 1968 to 2019 (As on Dec.),ab21fa3a-f52a-48ae-912d-1dc3c367907c,,0,UNAVAILABLE
20,Nodal district -wise lok sabha MPs works sanctioned in Punjab under MPLAD scheme from 1968 to 2019 (As on Dec.),3bbc5dc0-b47c-4570-9cb1-ec7d136dc021,,0,UNAVAILABLE
21,Nodal district -wise lok sabha MPs works under progress in Punjab under MPLAD scheme from 1968 to 2019 (As on Dec.),ec2e08c5-a1f4-4950-a29a-1335f0fd1f06,,0,UNAVAILABLE
22,Nodal district -wise sitting RajyaSabha  MPs total funds available in Punjab under MPLAD scheme from 1968 to 2022 (As on Dec.),1099e497-1bf9-415a-b13e-bc1f734ee893,,0,UNAVAILABLE
23,Nodal district -wise sitting RajyaSabha  MPs works completed in Punjab under MPLAD scheme from 1968 to 2022 (As on Dec.),0cbc798f-fb77-48e7-82eb-af032a0faf5b,,0,UNAVAILABLE
24,Nodal district -wise sitting RajyaSabha  MPs works under progress in Punjab under MPLAD scheme from 1968 to 2022 (As on Dec.),7aa0655f-48db-4f31-9563-1b81bbeafbb0,,0,UNAVAILABLE
25,Nodal district -wise sitting RajyaSabha MPs actual expenditure in Punjab under MPLAD scheme from 1968 to 2022 (As on Dec.),5384b17b-32b1-4dff-a603-fc1a444e6dd9,,0,UNAVAILABLE
26,Nodal district -wise sitting RajyaSabha MPs sanctioned funds in Punjab under MPLAD scheme from 1968 to 2022 (As on Dec.),e16d65d7-5d0a-4fa7-ad73-fdb2440ee42f,,0,UNAVAILABLE
27,Nodal district -wise sitting RajyaSabha MPs unspent balance in Punjab under MPLAD scheme from 1968 to 2022 (As on Dec.),03267a56-795d-4b91-924d-a2484e29f46c,,0,UNAVAILABLE
28,Nodal district -wise sitting RajyaSabha MPs works sanctioned in Punjab under MPLAD scheme from 1968 to 2022 (As on Dec.),b66cd8e6-48e5-4efe-acff-a265e6368a74,,0,UNAVAILABLE
29,Nodal district -wise16th lok sabha MPs works completed in Punjab under MPLAD scheme from 1968 to 2021 (As on Dec.),e704c4ea-6be4-40ba-a255-99e5906fd86d,,0,UNAVAILABLE
30,Sector-wise Cumulative Cost of Sanctioned Works under Members of Parliament Local Area Development Scheme (MPLADS) as on 31-03-2015  (Ministry of Statistics and Programme Implementation),e4f1457e-0ba7-4f39-98e3-7fb747f19733,30_sector_wise_cumulative_cost_of_sanctioned_works_under_members_of_parli.csv,36,OK
31,"State-wise Details of Funds Allocated, Recommended and Utilized for Completion of Works under the Members of Parliament Local Area Development (MPLAD) Scheme from May 2020 to November 2021",c47410c8-4f8c-481f-b4f4-1d0f058c3f76,31_state_wise_details_of_funds_allocated_recommended_and_utilized_for_com.csv,372,OK
32,State-wise Release of Funds under Member of Parliament Local Area Development (MPLAD) Scheme in respect of sitting MPs of Rajya Sabha as on 22.03.2022,903d438c-96c8-46f2-93ad-5d1a5d6821b0,32_state_wise_release_of_funds_under_member_of_parliament_local_area_deve.csv,237,OK
33,State-wise details of the works/projects under Members of Parliament Local Area Development Scheme (MPLADS) and their financial performance from 2016-17 to 2019-20 (From: Ministry of Statistics and Programme Implementation),2a647529-e419-4ce4-bc6e-77641f0ba9af,33_state_wise_details_of_the_works_projects_under_members_of_parliament_l.csv,38,OK
34,State/UT-wise Details of Unspent balance of the Members of Parliament Local Area Development Scheme (MPLADS) Funds as on 30.11.2018 (From : Ministry of Statistics and Programme Implementation),e977d5fa-ae4d-4e76-a406-3486ec8395c6,34_state_ut_wise_details_of_unspent_balance_of_the_members_of_parliament.csv,40,OK
35,Year-wise position for Members of Parliament Local Area Development Scheme (MPLADS) from 2014-15 to 2017-18 (From : Ministry of Statistics and Programme Implementation),e242940d-63ba-4e4b-a162-9332452029db,35_year_wise_position_for_members_of_parliament_local_area_development_sc.csv,6,OK
